dimension,samplesize,Time:Mean,Time:STD,Constrain_difference:Mean,Constrain_difference:Std,TPR:Mean,TPR:STD,TNR:Mean,TNR:STD
0,5,33.9,6.4,-0.7999999999999998,0.42163702135578385,0.96,0.0,0.98,0.0
0,10,40.6,11.5,-0.7999999999999998,0.4216370213557839,0.97,0.0,0.98,0.0
0,20,33.8,6.9,-0.6000000000000001,0.5163977794943222,0.97,0.0,0.98,0.0
0,30,49.4,9.4,-0.3999999999999999,0.5163977794943222,0.96,0.0,0.98,0.0
0,40,44.0,9.5,-0.5,0.5270462766947299,0.97,0.0,0.98,0.0
0,50,20.6,4.1,-0.7000000000000002,0.4830458915396479,0.96,0.01,0.98,0.0
0,100,39.4,13.5,-0.6000000000000001,0.5163977794943222,0.96,0.01,0.98,0.0
