dimension,samplesize,Time:Mean,Time:STD,Constrain_difference:Mean,Constrain_difference:Std,TPR:Mean,TPR:STD,TNR:Mean,TNR:STD
0,5,88.6,29.9,-0.7999999999999998,0.632455532033676,0.97,0.0,0.98,0.0
0,10,68.5,25.3,-0.6000000000000001,0.5163977794943223,0.97,0.0,0.98,0.0
0,20,62.2,28.6,-0.8999999999999999,0.31622776601683794,0.96,0.0,0.98,0.0
0,30,122.6,30.2,-0.3999999999999999,0.5163977794943221,0.97,0.0,0.98,0.0
0,40,117.6,43.2,-0.7000000000000002,0.48304589153964794,0.97,0.0,0.98,0.0
0,50,119.1,22.2,-0.6000000000000001,0.5163977794943223,0.95,0.0,0.99,0.0
0,100,304.1,59.6,-0.7999999999999998,0.4216370213557839,0.97,0.0,0.98,0.0
