actual,dimension,Time:Mean,Time:STD,TPR:Mean,TPR:STD,TNR:Mean,TNR:STD,timeEXmean,timeEXstd
4,3,1.8,0.2,0.86,0.02,0.96,0.01,1.8482317447662353,0.22939260632596553
4,5,13.0,4.4,0.79,0.03,0.94,0.01,12.95360598564148,4.417178403237589
8,3,8.4,2.0,0.85,0.02,0.88,0.02,8.392887282371522,1.9811348040776435
8,5,62.6,19.0,0.75,0.02,0.87,0.01,62.625480103492734,19.018471488257124
16,3,20.6,4.4,0.84,0.01,0.82,0.02,20.627470946311952,4.374230874692563
16,5,585.9,186.9,0.65,0.03,0.8,0.01,451.02668929100037,151.3753478267308
32,3,21.4,6.8,0.85,0.01,0.75,0.02,21.356787419319154,6.802438745827048
32,5,1293.4,137.3,0.68,0.02,0.74,0.01,1076.2707359790802,126.6055770780523
