dimension,samplesize,time,actual,synthesized,accuracy,constrain_difference
0,20,0.3760554313659668,10.0,1.5,0.6869999999999999,-8.5
0,30,1.445146632194519,10.0,1.8,0.6930000000000001,-8.2
0,40,4.678561592102051,10.0,2.2,0.753,-7.8
0,50,7.248065185546875,10.0,2.4,0.745,-7.6
0,100,93.93382544517517,10.0,3.6,0.86,-6.4
