dimension,samplesize,time,actual,synthesized,accuracy,constrain_difference
0,20,0.21891778419794863,0.0,0.5270462766947299,0.052503968104007814,0.5270462766947299
0,30,0.6812297859803838,0.0,0.4216370213557839,0.05186520991955975,0.4216370213557839
0,40,4.854835295327537,0.0,0.42163702135578396,0.06634087059355727,0.42163702135578396
0,50,4.409949962116242,0.0,0.5163977794943222,0.0776387646590141,0.5163977794943222
0,100,47.18741417005936,0.0,0.5163977794943221,0.03999999999999999,0.5163977794943221
