dimension,samplesize,Time:Mean,Time:STD,Constrain_difference:Mean,Constrain_difference:Std,TPR:Mean,TPR:STD,TNR:Mean,TNR:STD
0,20,0.4,0.3,-8.4,0.5163977794943222,0.72,0.14,0.65,0.12
0,30,1.1,0.6,-8.2,0.42163702135578396,0.77,0.05,0.66,0.08
0,40,5.9,5.0,-7.8,0.4216370213557839,0.71,0.09,0.74,0.07
0,50,8.7,7.8,-7.6,0.5163977794943222,0.73,0.09,0.81,0.07
0,100,114.7,150.4,-6.5,0.5270462766947299,0.82,0.04,0.86,0.04
0,200,527.1,298.4,-5.7,0.4830458915396479,0.9,0.03,0.93,0.03
0,300,980.4,746.7,-5.4,0.5163977794943223,0.92,0.02,0.94,0.03
