dimension,samplesize,Time:Mean,Time:STD,Constrain_difference:Mean,Constrain_difference:Std,TPR:Mean,TPR:STD,TNR:Mean,TNR:STD
0,2,34.9,14.3,-5.8,0.4216370213557839,0.94,0.02,0.96,0.02
0,4,39.6,35.9,-5.7,0.4830458915396479,0.93,0.02,0.97,0.02
0,8,29.0,26.9,-2.0,0.0,0.94,0.02,0.97,0.01
0,16,73.4,41.8,6.0,0.0,0.95,0.03,0.97,0.03
0,32,69.1,23.0,22.0,0.0,0.94,0.02,0.97,0.01
0,64,186.9,75.6,54.0,0.0,0.94,0.02,0.96,0.03
