dimension,samplesize,Time:Mean,Time:STD,Constrain_difference:Mean,Constrain_difference:Std,TPR:Mean,TPR:STD,TNR:Mean,TNR:STD
0,5,164.5,32.8,-5.4,1.429840705968481,0.92,0.01,0.99,0.0
0,10,207.0,33.8,-4.4,0.9660917830792958,0.97,0.01,1.0,0.0
0,20,162.4,32.5,-4.4,0.5163977794943223,0.97,0.0,0.99,0.0
0,30,175.2,49.1,-4.5,0.5270462766947298,0.97,0.0,0.99,0.0
0,40,223.1,71.8,-4.4,0.5163977794943223,0.97,0.0,0.99,0.0
0,50,205.0,55.1,-4.5,0.7071067811865475,0.97,0.0,0.99,0.01
0,100,72.1,23.6,-4.7,0.674948557710553,0.97,0.0,0.98,0.0
0,200,62.6,12.1,-4.6,0.5163977794943223,0.97,0.01,0.99,0.0
