dimension,samplesize,Time:Mean,Time:STD,Constrain_difference:Mean,Constrain_difference:Std,TPR:Mean,TPR:STD,TNR:Mean,TNR:STD
0,20,0.2,0.1,-1.7,0.48304589153964794,0.69,0.19,0.8,0.08
0,30,0.4,0.2,-1.5,0.7071067811865476,0.82,0.09,0.78,0.08
0,40,1.1,0.5,-1.5,0.7071067811865476,0.81,0.06,0.82,0.11
0,50,1.9,1.0,-1.6,0.5163977794943222,0.87,0.08,0.9,0.06
0,100,5.6,2.3,-1.8,0.4216370213557839,0.92,0.05,0.93,0.04
0,200,17.3,10.7,-1.3,0.48304589153964794,0.95,0.02,0.98,0.01
0,300,35.5,28.1,-1.2,0.6324555320336758,0.95,0.02,0.98,0.01
