dimension,samplesize,Time:Mean,Time:STD,Constrain_difference:Mean,Constrain_difference:Std,TPR:Mean,TPR:STD,TNR:Mean,TNR:STD
0,20,1.5,0.8,-5.2,0.6324555320336759,0.71,0.18,0.86,0.04
0,30,3.8,1.2,-4.0,0.6666666666666667,0.71,0.07,0.94,0.04
0,40,7.0,13.5,-4.5,0.8498365855987975,0.82,0.07,0.9,0.05
0,50,3.8,1.7,-4.2,0.42163702135578385,0.85,0.04,0.92,0.04
0,100,33.3,38.3,-3.2,0.42163702135578407,0.88,0.05,0.96,0.04
0,200,328.2,428.3,-2.4000000000000004,0.6992058987801009,0.93,0.02,0.97,0.02
0,300,531.6,779.0,-1.9000000000000004,0.5676462121975466,0.95,0.01,0.98,0.02
