dimension,samplesize,Time:Mean,Time:STD,Constrain_difference:Mean,Constrain_difference:Std,TPR:Mean,TPR:STD,TNR:Mean,TNR:STD
0,2,51.6,23.2,-5.8,0.4216370213557842,0.93,0.03,0.96,0.02
0,4,26.2,21.1,-5.8,0.4216370213557839,0.93,0.02,0.96,0.02
0,8,34.2,50.5,-2.0,0.0,0.95,0.01,0.96,0.01
0,16,35.2,19.9,6.0,0.0,0.94,0.03,0.97,0.02
0,32,78.0,85.1,22.0,0.0,0.94,0.02,0.97,0.01
0,64,128.6,120.8,54.0,0.0,0.94,0.03,0.97,0.02
