dimension,samplesize,time,actual,synthesized,accuracy,constrain_difference
0,20,0.4242274522781372,10.0,1.5,0.682,-8.5
0,30,1.823422622680664,10.0,2.1,0.74,-7.9
0,40,5.225633335113526,10.0,2.3,0.7290000000000001,-7.7
0,50,5.556742835044861,10.0,2.5,0.762,-7.5
0,100,72.86188895702362,10.0,3.5,0.8619999999999999,-6.5
0,200,270.7124127388,10.0,4.2,0.9049999999999999,-5.8
0,300,345.00960006713865,10.0,4.5,0.9059999999999999,-5.5
0,1000,3149.4228082180025,10.0,6.0,0.982,-4.0
0,2000,4411.5458386421205,10.0,6.0,0.9879999999999999,-4.0
