dimension,samplesize,time,actual,synthesized,accuracy,constrain_difference
0,20,0.2614637206931647,0.0,0.5270462766947299,0.0603324125159934,0.5270462766947299
0,30,1.239385997802523,0.0,0.31622776601683794,0.07902179727419796,0.31622776601683794
0,40,4.388657514438628,0.0,0.4830458915396479,0.039001424475410044,0.4830458915396479
0,50,3.1856124238807735,0.0,0.5270462766947299,0.06460134157533677,0.5270462766947299
0,100,46.96557945682729,0.0,0.5270462766947298,0.047562823951298606,0.5270462766947298
0,200,190.4613826788222,0.0,0.42163702135578424,0.02953340857778226,0.42163702135578424
0,300,218.72092433723563,0.0,0.5270462766947298,0.03777124126457415,0.5270462766947298
0,1000,1490.0072078670432,0.0,0.0,0.013038404810405298,0.0
0,2000,1638.6857692535357,0.0,0.0,0.00836660026534077,0.0
