actual,dimension,Time:Mean,Time:STD,TPR:Mean,TPR:STD,TNR:Mean,TNR:STD,timeEXmean,timeEXstd
4,3,3.1,0.4,0.83,0.02,0.94,0.01,3.0609304904937744,0.40913164940493757
4,5,7.5,3.3,0.85,0.02,0.91,0.01,7.535776472091676,3.3062738130204097
8,3,6.4,1.1,0.87,0.01,0.9,0.02,6.432526874542236,1.0883086233097825
8,5,103.3,36.2,0.75,0.02,0.88,0.01,103.27296125888824,36.21216693330229
16,3,20.1,4.6,0.85,0.02,0.82,0.02,20.075853872299195,4.632085645690595
16,5,712.1,190.5,0.7,0.02,0.76,0.02,591.2277767128414,169.08172747788595
32,3,19.5,5.1,0.85,0.01,0.75,0.03,19.51778531074524,5.132487843545021
32,5,966.0,205.9,0.71,0.03,0.7,0.02,608.5634110314505,160.2512524011467
