dimension,samplesize,Time:Mean,Time:STD,Constrain_difference:Mean,Constrain_difference:Std,TPR:Mean,TPR:STD,TNR:Mean,TNR:STD
0,20,0.1,0.1,-5.9,0.5676462121975469,0.76,0.09,0.83,0.12
0,30,0.5,0.2,-4.4,0.6992058987801009,0.72,0.04,0.93,0.1
0,40,0.5,0.2,-5.0,0.6666666666666666,0.82,0.08,0.89,0.07
0,50,0.7,0.3,-4.9,0.5676462121975467,0.86,0.05,0.91,0.04
0,100,3.1,1.3,-4.0,0.4714045207910317,0.89,0.04,0.96,0.03
0,200,21.0,20.2,-3.0,0.47140452079103157,0.94,0.02,0.98,0.01
0,300,39.2,21.6,-2.8,0.6324555320336759,0.96,0.02,0.98,0.01
