dimension,samplesize,time,actual,synthesized,accuracy,constrain_difference
0,20,0.13269959057405004,0.0,0.0,0.07218032973047435,0.0
0,30,0.32038865480011075,0.0,0.0,0.024494897427831792,0.0
0,40,0.09296961096329262,0.0,0.0,0.06686636756330579,0.0
0,50,0.8493512286731304,0.0,0.0,0.059637795622127635,0.0
0,100,10.439293308548308,0.0,0.31622776601683794,0.0365908306668336,0.31622776601683794
0,200,23.279642153010197,0.0,0.5270462766947299,0.015092308563562369,0.5270462766947299
0,300,12.665436424797967,0.0,0.48304589153964794,0.017763883459298992,0.48304589153964794
0,1000,183.31241627129216,0.0,0.0,0.019493588689617952,0.0
0,2000,155.36029979638505,0.0,0.0,0.008366600265340763,0.0
