dimension,samplesize,time,actual,synthesized,accuracy,constrain_difference
0,20,0.27480173110961914,3.0,1.0,0.8110000000000002,-2.0
0,30,0.5305114030838013,3.0,1.0,0.8699999999999999,-2.0
0,40,0.5844503879547119,3.0,1.0,0.8840000000000001,-2.0
0,50,1.264152216911316,3.0,1.0,0.907,-2.0
0,100,5.829487013816832,3.0,1.1,0.9550000000000001,-1.9
0,200,17.76652784347534,3.0,1.5,0.975,-1.5
0,300,25.856949973106385,3.0,1.7,0.974,-1.3
0,1000,350.99161329269407,3.0,3.0,0.986,0.0
0,2000,558.7347083091736,3.0,3.0,0.992,0.0
