dimension,samplesize,Time:Mean,Time:STD,Constrain_difference:Mean,Constrain_difference:Std,TPR:Mean,TPR:STD,TNR:Mean,TNR:STD
0,5,1704.2,432.7,-4.777777777777778,0.8333333333333335,0.94,0.0,0.97,0.0
0,10,2118.1,478.5,-4.444444444444445,0.5270462766947299,0.94,0.01,0.96,0.0
0,20,1159.8,249.1,-4.4,0.5163977794943223,0.94,0.0,0.97,0.0
0,30,1041.0,129.4,-4.6,0.5163977794943222,0.94,0.01,0.97,0.0
0,40,1686.5,425.0,-4.6,0.5163977794943222,0.94,0.0,0.97,0.0
0,50,1308.4,211.2,-4.6,0.5163977794943223,0.94,0.0,0.96,0.0
0,100,2328.2,321.1,-4.75,0.4629100498862757,0.94,0.01,0.97,0.0
