dimension,samplesize,time,actual,synthesized,accuracy,constrain_difference
0,20,0.19325077533721924,3.0,1.0,0.8110000000000002,-2.0
0,30,0.33319156169891356,3.0,1.0,0.841,-2.0
0,40,0.6649000644683838,3.0,1.0,0.897,-2.0
0,50,0.7782301187515259,3.0,1.0,0.9269999999999999,-2.0
0,100,5.733874416351318,3.0,1.3,0.9479999999999998,-1.7
