dimension,samplesize,time,actual,synthesized,accuracy,constrain_difference
0,20,0.07801031855370276,0.0,0.0,0.07218032973047435,0.0
0,30,0.1343558894737535,0.0,0.0,0.05152130088074683,0.0
0,40,0.31412405561320667,0.0,0.0,0.051001089312985394,0.0
0,50,0.37340162746312694,0.0,0.0,0.05100108931298536,0.0
0,100,5.702759102747403,0.0,0.48304589153964794,0.031198290551460228,0.48304589153964794
