dimension,samplesize,time,actual,synthesized,tpr,tnr,constrain_difference
0,20,0.19544000252328264,0.0,0.5163977794943222,0.13042327627835687,0.14693802634992303,0.5163977794943222
0,30,0.6640101921023827,0.0,0.42163702135578385,0.14662196403890604,0.07144552033347454,0.42163702135578385
0,40,1.956111698534808,0.0,0.4830458915396479,0.09042269687058047,0.09006960088680575,0.4830458915396479
0,50,5.441640041197588,0.0,0.5163977794943222,0.08693899203689835,0.05765508059448916,0.5163977794943222
0,100,40.92562042035116,0.0,0.5270462766947299,0.027737122647336306,0.05702999646697571,0.5270462766947299
0,200,137.8978160872933,0.0,0.42163702135578407,0.035521003520319824,0.021638901877272833,0.42163702135578407
0,300,312.18798242876886,0.0,0.5163977794943222,0.023447123261210828,0.01779915641928688,0.5163977794943222
