dimension,samplesize,time,actual,synthesized,tpr,tnr,constrain_difference
0,20,0.3309264421463013,10.0,1.6,0.6380863180648924,0.584937201533329,-8.4
0,30,1.0499486684799195,10.0,1.8,0.717846250790789,0.7059763663003663,-8.2
0,40,2.727936363220215,10.0,2.3,0.733787725703785,0.7460290860562877,-7.7
0,50,8.357874250411987,10.0,2.6,0.6831613828037616,0.8266820821948085,-7.4
0,100,72.00267162322999,10.0,3.5,0.8086664059673223,0.8473030156216673,-6.5
0,200,209.50305058956147,10.0,4.2,0.8854630686611099,0.9426605429141317,-5.8
0,300,467.5653954744339,10.0,4.6,0.9221923231570257,0.9432151194799522,-5.4
