dimension,samplesize,Time:Mean,Time:STD,Constrain_difference:Mean,Constrain_difference:Std,TPR:Mean,TPR:STD,TNR:Mean,TNR:STD
0,2,297.1,131.7,4.2,0.42163702135578396,0.88,0.01,0.94,0.02
0,4,476.0,494.3,4.4,0.5163977794943222,0.89,0.03,0.92,0.03
0,8,162.4,165.2,8.0,0.0,0.82,0.03,0.93,0.03
0,16,152.0,63.5,16.0,0.0,0.78,0.05,0.96,0.01
0,32,230.1,64.6,32.0,0.0,0.77,0.04,0.95,0.02
0,64,613.9,276.9,64.0,0.0,0.72,0.05,0.98,0.01
