dimension,samplesize,Time:Mean,Time:STD,Constrain_difference:Mean,Constrain_difference:Std,TPR:Mean,TPR:STD,TNR:Mean,TNR:STD
0,20,2.6,1.0,-0.5,0.5270462766947299,0.68,0.2,0.82,0.08
0,30,5.1,2.1,-0.3999999999999999,0.699205898780101,0.77,0.08,0.82,0.07
0,40,8.6,7.5,-0.7999999999999998,0.4216370213557839,0.81,0.08,0.83,0.11
0,50,19.0,14.0,-0.7000000000000002,0.4830458915396479,0.83,0.06,0.88,0.06
0,100,79.8,76.2,-0.7999999999999998,0.42163702135578385,0.91,0.05,0.94,0.03
0,200,132.5,193.3,-0.5,0.5270462766947299,0.94,0.02,0.98,0.01
0,300,105.3,77.5,-0.5,0.5270462766947299,0.96,0.02,0.98,0.01
